User,Location,Num_Repos,Num_Stars,Num_Followers,Num_Following
3rf, New York City ,27,40,346,0
aaroey,Unknown,2,89,203,26
aarongable, San Francisco ,17,0,661,0
aaronj1335," Austin, Texas ",104,104,407,23
aarontp,Unknown,10,98,200,0
aarossig," Mountain View, CA ",10,8,523,4
aawc," Bay Area, CA ",47,14,38,4
abahgat," Cambridge, MA ",27,96,631,23
abakalov,Unknown,1,0,214,0
abarth," San Francisco, CA ",40,12,716,0
abbot," London, UK ",18,23,346,0
abbycar," Bothell, WA ",15,0,118,0
abdulla," Sydney, Australia ",1,5,275,0
abehaskins, San Francisco ,42,135,379,7
abgworrall,Unknown,3,1,121,0
abinash-behera," Buffalo, New York ",11,1,118,1
abiyani,Unknown,5,4,249,0
abykov2,Unknown,1,0,14,0
acdvorak," Mountain View, CA ",22,12,383,0
achew22,Unknown,66,53,160,21
achille,Unknown,18,11,47,0
aclements,Unknown,31,4,819,7
acmcarther,Unknown,67,38,175,18
acornwall, United States ,9,57,155,5
acozzette, San Bruno ,5,7,145,1
adamcrume," San Jose, CA ",18,35,195,2
adamgl,Unknown,0,0,74,0
adammck," NYC, USA ",136,158,274,19
adamvduke," Cambridge, MA ",102,180,177,48
adarob, United States ,11,4,620,0
adarshf,Unknown,0,0,49,0
Addison-Huff, United States ,9,4,163,0
adlerj,Unknown,22,48,111,2
adob,Unknown,26,18,254,2
adrianchifor," London, UK ",21,60,32,5
adrifelt,Unknown,8,1,415,0
aeliot," Palo Alto, California, USA ",14,7,88,2
afahim," San Francisco, CA ",24,44,112,18
AgamAgarwal, Hyderabad ,21,27,95,20
agasparovic," Zürich, Switzerland ",0,1,47,0
agau4779, United States ,15,5,26,11
aghassemi, cur: SF - prev: Waterloo/Toronto ,41,24,312,11
agl,Unknown,59,25,924,0
agoode, Pittsburgh ,12,90,138,7
ahbeng, Greater Boston ,25,414,213,29
ahh,Unknown,8,3,38,0
ahillhouse,Unknown,2,1,53,0
ahmetb," Seattle, WA ",112,606,1.5k,25
ahmetkizilay, Brooklyn ,72,432,81,112
aimxhaisse," Dublin, Ireland ",81,133,197,96
Airborn22,Unknown,7,0,6,0
AishSundar, Sunnyvale ,6,6,12,8
aiw-google,Unknown,0,0,10,0
ajcarts," The Dalles, OR ",0,2,5,0
ajinkyakolhe112,Unknown,21,178,27,21
ajklein,Unknown,14,6,249,0
ajpace,Unknown,4,0,0,0
AJubatus," Dublin, Ireland ",13,3,37,5
ak239," San Francisco, USA ",24,2,153,5
akalachman," San Jose, CA ",0,0,157,0
akhilpai,Unknown,5,302,83,17
akirabaruah," Mountain View, CA ",26,94,17,10
alabiaga,Unknown,2,0,163,0
alainjobart, San Jose ,1,4,254,0
alanchiao,Unknown,8,2,14,0
alanorozco," San Francisco, CA ",3,0,75,10
alanrussian,Unknown,19,14,87,10
albertein, San Francisco Bay Area ,28,13,75,11
ale64bit, Canada ,13,19,38,9
aleborba, Brazil ,34,101,294,64
aleksandra-malinowska,Unknown,10,6,51,0
alex-mohr, Seattle ,2,1,188,2
alexcepoi," London, UK ",16,13,39,4
alexcope," Seattle, WA ",5,3,53,0
alexeieleusis," Mountain View, CA ",12,224,69,112
AlexeyKurakin,Unknown,3,1,59,0
alexgorban,Unknown,5,17,165,15
alexpennace," Waltham, Massachusetts ",11,5,133,22
alexwhouse," Boulder, CO ",5,13,97,0
alexwoz,Unknown,0,1,44,0
Alives,Unknown,9,12,90,5
allenktv, United States ,7,5,25,2
allenlavoie,Unknown,8,0,115,0
allevato," Kirkland, WA ",28,3,133,10
alur," Mountain View, CA ",15,11,90,0
alvestrand,Unknown,20,17,48,0
alxhub," San Francisco, CA ",41,1,442,0
amanda-tait," New York, NY ",0,9,12,0
amanda-tarafa, UK ,1,0,25,0
amaurymedeiros," London, UK ",36,4,65,7
amedina, San Francisco ,22,17,68,33
amreddy103,Unknown,1,0,15,0
amwat,Unknown,13,0,6,0
AnashOommen, New York ,2,0,184,0
andlabs, New York ,46,93,353,20
andreasst,Unknown,0,3,37,0
andreban," London, UK ",45,49,186,11
andreimuntean," London, UK ",86,78,87,68
andrewconner," Mountain View, CA ",18,85,69,2
andrewharp," New York, NY ",4,2,247,0
andrewpollock,Unknown,3,2,126,0
AndrewScull, Oxford ,6,0,39,0
andrewstadler,Unknown,0,0,30,0
andybons, NYC ,18,123,316,69
anforowicz," Kirkland, WA ",4,0,0,0
angelafunk, San Francisco ,4,0,8,0
angusmacdonald, New York ,18,15,34,12
anilyigitfiliz,Unknown,1,1,4,0
anjensan," Warsaw, Poland ",14,32,19,5
ankor,Unknown,10,2,23,0
ankurmittal," Mountain View, CA ",11,4,70,0
ankurshukla,Unknown,9,0,45,0
ankurtaly,Unknown,2,0,21,0
AnmAtAnm," San Francisco, CA ",9,7,57,6
annarev,Unknown,4,0,122,1
annasapek,Unknown,5,8,29,3
anokta," New York, NY ",11,10,84,8
anothem," London, UK ",18,76,53,16
antiagainst, Toronto ,42,103,239,10
antonio-cortes-perez,Unknown,6,4,0,0
antrromet, Los Angeles ,33,4,37,2
aomarks, San Francisco ,11,55,45,13
apilloud,Unknown,14,6,9,0
apolcyn,Unknown,32,0,39,0
appsforartists," San Francisco, CA ",89,158,239,110
apresta,Unknown,0,0,272,0
arashikou," Kirkland, WA ",3,9,36,6
arbreng," San Francisco, CA ",2,6,5,1
arcra, México City ,5,0,16,0
arikrak, New York ,66,630,48,40
arnar," San Francisco, California ",24,36,127,15
Artem-B,Unknown,11,100,81,2
artemvmin,Unknown,3,0,12,0
arvindram03," Stony Brook, NY ",35,13,47,6
aryebar,Unknown,2,1,49,0
asacamano," Boulder, Colorado, USA ",13,1,37,0
asadullahnaweed, Mountain View CA ,1,0,1,0
asankah," Cambridge, MA ",31,16,75,0
ascherkus,Unknown,9,11,89,7
asfalcone," Boston, MA ",9,7,139,0
asgarli," San Francisco, CA, USA ",16,24,19,2
ash211," Palo Alto, CA ",68,35,40,19
ashish1294," Mangalore, India ",20,8,1.5k,4
aslo,Unknown,14,7,53,6
asndev, London ,61,299,64,30
asontha," University of California, Irvine ",3,4,16,1
asuffield,Unknown,11,10,65,0
atahiri80,Unknown,0,2,83,0
atamur-google,Unknown,1,0,52,0
AthenaShi," Sunnyvale, California ",4,3,24,5
attilaolah," Oberrieden, Switzerland ",117,295,95,60
aulanov," Seattle, WA ",14,6,65,0
avamsi, India ,26,20,39,4
aviramsegal,Unknown,2,7,64,0
avnishb,Unknown,1,1,31,0
awan1," Palo Alto, CA ",14,0,42,0
awbraunstein, San Francisco ,35,90,110,78
Awk34," Mountain View, CA ",76,992,108,108
awkoren," Seattle, WA ",6,15,38,0
awly, Seattle ,31,16,30,30
AWoloszyn,Unknown,8,4,72,0
aymanfarhat, Dubai ,20,1.3k,155,310
azakonovg, Seattle ,1,0,3,0
badboot," Sunnyvale, CA ",1,1,16,0
balopat," New York, New York ",64,40,30,13
bamnet," New York, NY, USA ",34,45,109,56
barney-s,Unknown,33,40,13,0
BarretZoph,Unknown,7,1,69,0
barrtender,Unknown,15,2,21,0
bartvm, Montreal ,50,80,108,0
bathterror,Unknown,1,0,44,1
battre,Unknown,2,0,22,0
bbamsch," San Jose, CA ",20,29,16,0
bbarenblat," Cambridge, Massachusetts ",52,37,33,28
bbf, Brazil ,3,29,15,2
bcat," Bartlett, IL, United States ",14,40,91,18
bcspragu," San Francisco, CA ",44,16,78,0
bdash," Lakeport, CA ",7,1,34,0
bdbauer,Unknown,3,0,35,0
bdero," SF Bay Area, CA ",125,265,48,20
beamcodeup,Unknown,1,2,11,0
beaufortfrancois," Paris, France ",149,59,655,18
beccca," Seattle, WA ",74,68,217,41
beckula,Unknown,3,2,39,0
behdad," Menlo Park, California ",53,363,696,138
bejado," San Francisco, California ",16,49,8,2
beloglazov," San Francisco, USA ",46,809,157,25
ben-clayton," London, England ",5,4,88,1
benbaxter,Unknown,25,1,34,8
benbenoy,Unknown,1,0,31,0
bencalabrese,Unknown,43,1,16,1
BenDiuguid," Seattle, WA ",35,281,29,17
bendory,Unknown,5,4,22,0
benhead, New York ,3,1,35,0
benhodgson," London, UK ",13,55,85,28
Benjamin-Marks, San Francisco ,13,1,33,1
benjwright,Unknown,0,0,3,0
bensonk," Seattle, WA ",65,106,148,31
bentglasstube," Santa Clara, CA ",125,20,52,10
BenTheElder,Unknown,30,102,52,10
benvanik," Seattle, WA ",59,170,518,3
berdario,Unknown,109,104,70,59
beverloo," London, United Kingdom ",41,19,228,4
bfontain, Mountain View ,1,0,38,0
bhamiltoncx,Unknown,42,23,28,4
bileschi,Unknown,7,18,93,1
billnapier,Unknown,14,5,63,0
billyjacobson, New York City ,5,4,2,2
binfeng, San Francisco ,26,367,44,189
bjm,Unknown,1,0,32,0
bjou, New York ,3,490,47,114
bkell," Mountain View, California ",0,3,4,1
blackgnezdo,Unknown,13,5,43,0
blasten,Unknown,36,178,564,42
blois,Unknown,41,2,42,0
blomejd, United States ,3,0,6,0
blueandgold,Unknown,7,1,69,1
bnkuhn,Unknown,2,3,83,3
bochunz,Unknown,16,1,43,5
bogosj,Unknown,5,8,32,2
boredjohnny,Unknown,0,0,12,0
bourey," Seattle, WA ",26,20,97,0
bovard," Portland, OR ",70,14,20,33
bowei, Mountain View ,96,25,50,1
bozhu, California ,21,63,56,21
bprashanth,Unknown,22,0,66,0
bradfriedman," Seattle, WA ",16,11,40,0
bradgoldstein,Unknown,4,1,5,1
bradwilliford, San Francisco ,2,14,42,36
brainnoise,Unknown,4,1,43,0
Bram--," London, England ",10,11,65,0
bramhaghosh," Mountain View, CA ",8,28,67,3
bramp, Redwood City ,148,232,279,12
brandondutra," Kirkland, WA ",4,6,32,0
brandonweeks," San Francisco, CA ",60,339,44,25
BrandonY,Unknown,8,3,24,1
braval,Unknown,4,3,7,2
brcooley, CO ,25,43,35,1
brendankenny," Mountain View, CA ",24,9,455,1
bretm151,Unknown,11,1,11,0
briandorsey," Seattle, WA, USA ",23,261,226,33
briantkennedy," San Francisco, CA ",3,0,9,0
brnndnn,Unknown,2,17,52,9
broady, San Francisco and Sydney ,105,97,602,28
broniek,Unknown,0,0,31,0
brunal," Paris, France ",22,45,45,12
bryankate," Cambridge, MA ",6,0,44,3
bryannolen,Unknown,5,320,9,7
bryeung,Unknown,2,0,52,3
BSBandme," Chapin K, Stony Brook, NY, U.S.A ",13,3,22,6
bshi," San Francisco, CA ",9,148,34,3
bskiba, Poland ,8,2,21,0
bstau,Unknown,29,1,25,2
bstpierr," Waterloo, ON ",0,6,80,0
btco," Mountain View, California ",16,1,124,0
btian," Mountain View, CA ",11,9,27,0
butterflyhug," Cambridge, MA (United States) ",5,69,37,6
bwuest,Unknown,0,1,37,0
byee01," Pittsburgh, PA ",25,69,78,33
bzarco," New York, NY ",3,45,22,7
cadmuxe," Sunnyvale, CA ",13,179,30,41
caiotomazelli,Unknown,10,175,13,6
calebamiles, San Francisco ,43,80,64,0
calebbrown," Wollongong, Australia ",16,10,42,1
calebcordry," San Francisco, CA ",24,1,21,1
calebegg," New York, NY ",34,23,161,5
calmdan," Mountain View, CA, US ",5,6,16,4
cameronphchen,Unknown,23,151,25,45
Canain," Mountain View, CA ",30,131,37,2
Capstan," Zürich, Switzerland ",9,24,16,14
carise,Unknown,26,87,45,3
carl-mastrangelo, Bay Area ,24,3,96,2
carlinyuen, NYC ,44,240,46,1
carlwhamilton," Woodinville, WA ",0,0,25,0
cartland,Unknown,74,18,58,0
case540,Unknown,5,2,55,0
caseyburkhardt," Mountain View, CA ",4,3,42,1
cassierecher, New York ,9,34,56,20
cathyjf, San Francisco Bay Area ,10,5,108,0
cbbraun,Unknown,0,1,8,0
cblichmann," Zurich, Switzerland ",9,145,115,5
cbracken,Unknown,82,90,129,17
cceckman,Unknown,22,85,22,29
ccemeraldeyes,Unknown,8,4,37,2
cchamberlain," Costa Mesa, CA ",145,117,41,27
cdata, San Francisco ,111,1.1k,404,60
cdibona,Unknown,0,0,135,0
cezarygerard, Poland ,24,22,7,2
cfal,Unknown,18,0,6,0
cfredric," Boston, MA, USA ",11,0,22,2
cgdecker," Pittsburgh, PA ",9,10,193,0
cgrant,Unknown,25,78,38,51
cgrushko,Unknown,30,5,56,0
chanseokoh,Unknown,1,0,29,0
chaopeng," Waterloo, ON, Canada ",27,141,119,30
chaoren,Unknown,5,0,16,0
chatasweetie," San Francisco, CA ",47,8,44,13
cheftako,Unknown,6,5,29,0
ChengyuanZhao,Unknown,0,0,14,0
chenshay,Unknown,3,1,23,1
chingor13," Seattle, WA ",122,36,53,21
chinmaygarde," San Francisco, CA ",91,148,173,0
chirags," Sunnyvale, CA ",15,96,110,60
chr1sj0nes," London, UK ",7,6,20,0
chrisconover," San Francisco, CA ",5,75,18,7
chriscox, San Francisco Bay Area ,15,5,122,0
chrisdunelm, UK ,17,6,82,0
chrisforbes," Santa Clara, California ",75,115,115,117
chrishtr,Unknown,4,7,9,0
chriskha," Oakland, CA ",6,1,29,4
ChrisMondok,Unknown,56,6,24,5
christianbuck," Edinburgh, Scotland ",24,32,52,16
christisg,Unknown,1,0,27,0
christophersanson," New York, NY ",16,18,28,0
chrsfang,Unknown,10,0,9,0
chuckhays," Minneapolis, MN ",25,2,259,0
chuga, New York ,4,9,29,2
cian, London ,6,0,43,0
Cidan," Santa Monica, California ",16,13,15,0
ciphergoth," Mountain View, CA ",9,0,22,0
cjcullen," Seattle, WA ",10,5,63,1
cjqian," Sunnyvale, California ",79,28,34,2
cjwagner,Unknown,12,1,26,2
ckaznocha," Los Angeles, CA ",17,119,27,24
ckdblueshark,Unknown,0,0,7,0
claudiocherubino," Mountain View, CA ",9,4,67,0
clelland,Unknown,44,18,71,0
clement," San Francisco, CA ",36,126,59,7
clouser2,Unknown,6,0,41,0
cmei," Waterloo, Ontario ",16,5,50,0
cmisenas," New York, NY ",60,672,74,72
cmpolis, California ,43,839,86,48
CNA-Bld,Unknown,24,104,24,14
cnphil, New York City ,38,128,100,78
cobb, Kirkland ,3,6,14,9
cobookman," San Francisco, CA ",69,27,71,0
codedread,Unknown,2,9,70,5
codr, San Francisco ,55,46,41,18
codrienne,Unknown,4,72,12,14
codyrandall,Unknown,1,3,0,0
collinlambert,Unknown,3,0,10,0
ComputerDruid, United States ,28,45,52,14
Conchylicultor, California ,31,25,299,13
connorregan, San Francisco Bay Area ,3,0,17,1
cornmander, NYC ,16,0,32,0
cpasillas,Unknown,9,6,21,5
cpatrick,Unknown,97,59,37,16
cpcallen,Unknown,11,7,4,0
cpiper,Unknown,4,4,13,0
cpovirk,Unknown,3,0,183,0
craigcitro," Seattle, WA ",73,132,496,23
craigprince," Seattle, WA ",1,0,37,0
cramertj,Unknown,50,58,69,5
cramforce," Alameda, CA, USA ",56,69,422,9
crimsonfaith91,Unknown,63,0,18,1
crimzonrayne," San Francisco, CA ",18,0,27,2
cristiancavalli,Unknown,23,7,34,12
critsec,Unknown,3,1,36,0
csbell,Unknown,9,1,25,0
cshei,Unknown,2,15,8,0
cspickert," New York, NY ",27,88,66,68
csuter," San Francisco, CA ",23,19,35,10
ctiller,Unknown,17,18,143,10
cupofcat,Unknown,10,7,10,0
cvrebert," SF Bay Area, California, USA ",35,285,1.2k,32
cweill," New York, NY ",16,35,66,6
cy89," Bay Area, CA ",0,0,17,0
cyberkni, New Jersey ,28,11,49,7
cyblocker, Hong Kong ,10,12,11,0
CydeWeys," New York, NY ",16,47,66,16
d0k, Germany ,13,16,66,16
damienmg, Germany ,21,7,124,0
dan-zheng, Bay Area ,56,465,47,59
danafergan," San Francisco, CA ",4,3,38,10
danawillow," Seattle, WA ",12,0,50,0
dandc87," San Francisco, CA ",2,28,47,6
dandv, Silicon Valley ,579,468,365,20
danholevoet,Unknown,10,1,95,0
danhurt," Redwood City, CA ",0,0,0,0
Daniel-B-Smith," New York, NY ",15,2,28,6
danielmichaelni,Unknown,18,35,19,7
danielpeach, NYC ,26,1,26,1
danielresnick,Unknown,0,0,3,0
DanielVlasic,Unknown,0,0,3,0
danijar," London, Germany ",55,300,426,35
dannyperson, Urbana-Champaign ,27,17,2,4
Dannyzen, New York ,53,810,49,87
danoscarmike," San Francisco, CA ",36,2,22,11
DanSanche," Seattle, WA ",18,68,17,1
dansitu,Unknown,26,103,76,7
dansrogers,Unknown,12,3,21,0
danzh2010,Unknown,1,0,20,0
dapengzhang0, CA 94043 ,11,12,36,1
darkskiez," Zurich, Switzerland ",24,44,20,6
DarthGandalf," Ireland, Dublin ",32,13,90,3
daughtry,Unknown,0,0,30,0
dave-2," San Francisco, CA ",3,1,43,0
davejrichardson,Unknown,3,0,9,0
davelab6, New York City ,849,203,345,119
davidair,Unknown,12,5,10,5
DavidCPhillips, San Francisco ,2,1,69,0
davidharcombe,Unknown,14,8,8,0
davidkearns," San Francisco, CA ",3,8,14,13
davidlattimore,Unknown,0,0,10,0
davidn,Unknown,25,8,36,3
davidpeng," Irvine, CA, US ",7,0,12,0
davidsansome," Sydney, Australia ",48,28,69,5
davidsoergel,Unknown,30,14,105,0
davidz627," Sunnyvale, CA ",13,3,16,11
davidzchen, S.F. Bay Area ,89,1.2k,172,79
dbabkin,Unknown,0,0,7,0
dbakshiyev,Unknown,21,0,15,0
dballing,Unknown,3,11,18,1
dbarella, NEW YORK CITY BABYYYYYY ,19,12,33,12
dbieber," Mountain View, CA ",52,83,121,102
dbort,Unknown,2,11,35,0
dchanman,Unknown,27,15,14,1
dclaar,Unknown,1,0,8,0
dclements," Denver, CO ",17,98,29,11
dcoker,Unknown,12,25,37,40
dcower," Seattle, WA ",10,8,63,0
deanscarff,Unknown,1,0,36,0
deepaklukose,Unknown,1,0,20,0
deepanjanroy," Kitchener, ON, Canada ",40,14,121,3
deflaux, Seattle ,43,16,110,2
Deleplace," Paris, France ",18,8,10,1
DellaBitta,Unknown,3,1,2,3
delroth," Zürich, Switzerland ",19,7,145,0
derakon,Unknown,3,3,17,0
derekmauro," New York, NY ",0,1,16,0
dermesser, Zürich ,30,66,37,7
destijl," Seattle, WA ",24,4,51,1
deustis, Seattle ,9,5,32,0
devin-donnelly,Unknown,0,0,25,0
devm33, New York ,72,27,31,9
devonobrien,Unknown,2,0,7,0
deymo,Unknown,3,2,11,0
dgageot," Paris, France ",169,44,388,0
dgay42,Unknown,1,0,41,0
dgpc," Seattle, WA ",3,19,22,0
dhananjay92," Mountain View, CA ",38,28,70,0
dibyom,Unknown,36,424,30,7
diegopl, London ,9,163,14,20
diminishedprime,Unknown,26,15,9,12
dimitar-asenov," Zurich, Swtizerland ",12,1,20,1
dimo414," Mountain View, CA ",3,56,26,31
djherbis,Unknown,15,82,49,3
djvisentin,Unknown,0,0,20,0
dklimkin," Zürich, Switzerland ",4,1,62,0
dlazin," New York, NY ",1,0,14,3
dlc,Unknown,27,29,46,0
dlj-NaN,Unknown,1,5,21,1
dlobutters,Unknown,1,0,8,0
dlorenc,Unknown,80,16,51,0
dlowe-net," Waltham, MA, USA ",12,41,65,14
dmattia, United States ,74,237,37,44
dmcartor," San Francisco, CA ",4,0,13,2
dmcc, Internet ,16,231,62,32
dmho418,Unknown,0,0,17,0
dmotz, NYC ,28,115,449,15
dmuellner,Unknown,4,1,11,0
dogben,Unknown,1,2,20,0
doherty, San Francisco ,139,156,83,45
domenic," New York, NY ",172,260,3.2k,64
domesticmouse," Sydney, Australia ",63,88,185,10
dominichamon,Unknown,68,19,66,5
dominickng," Sydney, Australia ",14,8,17,2
DominicKramer," Mountain View, CA ",25,14,20,9
donmccurdy, San Francisco ,110,263,361,22
doomie," San Francisco, CA ",7,9,42,0
doublea,Unknown,7,8,38,0
dougfelt,Unknown,11,0,46,0
DougSig," San Francisco, CA ",4,5,60,2
dreveny,Unknown,1,2,34,0
drewinglis," Seattle, WA ",34,45,41,37
drieber,Unknown,2,0,17,0
drigz,Unknown,54,0,25,0
DrJosh9000, Sydney ,22,71,62,36
DrMarcII," Sunnyvale, CA ",12,6,48,3
droot, San Francisco Bay Area ,50,112,25,0
drott,Unknown,22,10,41,1
droyo," New York, NY ",33,22,30,2
dsaff," Cambridge, MA ",23,19,113,0
dsandler, Boston ,14,91,91,43
dsmilkov," Cambridge, MA ",7,74,423,0
dsnet, Mountain View ,19,92,190,35
dsrbecky,Unknown,12,13,38,8
dsymonds," Sydney, Australia ",20,11,472,8
dtapuska,Unknown,24,0,11,0
dtarasiuk," Irvine, California, USA ",13,111,25,19
DualTachyon," London, UK ",1,1,14,0
dubey,Unknown,6,3,26,3
dubois," Oakland, USA ",8,1,28,0
ducrohet, Mountain View ,2,2,1.2k,0
dulacp, Paris ,125,1.4k,88,171
dustin," San Jose, CA ",234,411,919,19
dustinkirkland," Austin, TX, USA ",44,11,132,1
dustinvtran," San Francisco, CA ",12,157,850,29
dvdwasibi, San Francisco ,16,34,38,9
dweekly," Redwood City, CA ",42,36,88,44
dwoffinden," London, UK ",11,120,12,17
dygert,Unknown,0,0,11,0
dzinxed,Unknown,11,9,13,2
e-noyau,Unknown,2,2,28,1
e111077," San Francisco, CA ",22,7,85,5
eaenet,Unknown,3,3,48,7
eakuefner," Mountain View, CA ",15,21,47,4
eap," Mountain View, CA ",11,4,9,0
earth2marsh, San Francisco ,62,357,63,15
easeway,Unknown,30,310,27,23
ebf42,Unknown,0,0,7,0
ebidel," San Francisco, CA ",67,24,4.1k,0
eburley,Unknown,8,3,26,0
echristo," San Jose, CA ",2,22,26,4
ed7coyne, Los Angeles ,5,5,20,0
eddavisson,Unknown,4,0,42,0
edman," Munich, Germany ",11,3,14,2
eduardocereto," San Jose, CA ",22,179,152,47
eforbes, New York City ,10,9,18,8
efortuna,Unknown,11,8,149,2
eggrobin, Switzerland ,10,13,19,3
eholk," Mountain View, CA ",55,68,184,6
ehsane,Unknown,5,1,33,0
ehudt,Unknown,15,27,7,2
eisbock,Unknown,0,0,8,0
elharo, New York ,37,6,29,0
elhossari,Unknown,2,768,15,14
eli7,Unknown,4,43,9,1
eliben, California ,36,10,1.9k,0
elly," New York, NY ",35,28,124,4
emarchiori,Unknown,2,2,14,0
emchristiansen,Unknown,81,139,28,4
Emeegeemee,Unknown,6,1,30,0
emma-borhanian," Mountain View, CA ",11,1,22,1
emspishak," San Francisco, CA ",8,0,10,0
enisoc," Santa Clara, CA ",24,30,95,0
enjalot," San Francisco, CA ",122,182,515,45
enocom," Boulder, Colorado ",49,80,238,6
eoogbe,Unknown,25,0,15,0
epere4,Unknown,3,0,4,0
epmjohnston,Unknown,1,0,17,1
ergelo,Unknown,7,164,31,8
EricBeach," Mountain View, CA ",7,0,34,0
ericclone," Mountain View, CA ",13,2,3,0
ericduran," New York, NY ",139,242,159,64
erichrison,Unknown,2,7,18,1
ericlaw1979," Austin, TX ",35,96,59,2
ericlindley-g,Unknown,4,1,23,0
ericveach, Seattle ,0,1,9,0
ericwilligers,Unknown,9,0,55,0
erikhaugen," Sunnyvale, CA ",8,0,16,0
erikmcc,Unknown,4,2,6,0
erjohnso," Seattle, WA USA ",41,39,184,30
erwinmombay,Unknown,45,663,180,27
eshienbrood," Cambridge, MA ",2,0,6,0
estark37,Unknown,28,5,287,5
etanshaul, NYC ,5,2,16,0
ethanbao,Unknown,11,11,30,0
EtiennePerot, 4096R/5CFC3B88974EE250 ,46,135,74,57
Eumenides2009,Unknown,12,5,10,0
evandbrown," Seattle, WA ",90,64,253,44
evmar, San Francisco ,70,49,342,10
ewiseblatt,Unknown,21,1,47,0
eyqs," Vancouver, Canada ",36,102,14,0
eytanbiala," New York, NY ",32,698,32,1
ezimanyi," New York, NY ",14,1,9,1
fabalbon,Unknown,3,8,22,1
fabienviger,Unknown,0,0,30,0
farcaller,Unknown,135,234,157,13
farruggia," Zürich, Switzerland ",16,33,10,0
fejesjoco,Unknown,2,0,12,0
fejta,Unknown,10,2,42,5
fhinkel, New York ,79,67,531,20
fhoffa," San Francisco, CA ",27,131,108,5
filbranden, United States ,16,0,23,2
filipegoncalves," Sunnyvale, CA ",16,6,52,1
filiph," Mountain View, CA ",98,79,173,5
filmil,Unknown,20,18,10,4
FiloSottile, NYC ,64,782,1.5k,17
fimad, Berkeley ,31,38,45,10
fischman,Unknown,13,6,47,4
Flameeyes," London, Europe ",155,100,168,0
FloresRobles,Unknown,20,32,17,7
flowerhack," Seattle, WA ",29,203,81,37
fmalita,Unknown,8,11,34,3
fmeawad,Unknown,3,3,32,0
foolip, Stockholm ,126,8,91,0
foxish," Mountain View, CA ",96,212,122,69
foxxtrot," Lafayette, LA ",29,79,32,16
fozziethebeat," Tokyo, Japan ",14,26,45,5
fpavetic, Kriz/Zagreb ,3,6,11,11
fqj1994, Munich ,33,120,204,19
frankchn," Mountain View, CA ",22,12,134,2
fredsa, Mountain View ,95,6,166,1
fru1tstand," Seattle, Washington ",27,5,16,0
fserb," Montreal, Canada ",30,58,63,40
fuqinho," Tokyo, Japan ",20,21,35,8
fusion94," Half Moon Bay, CA ",96,45,99,35
fweikert, Germany ,1,2,11,8
G-Harmon," Silicon Valley, California, USA ",12,4,7,0
gabebear," New York, NY ",19,2,7,2
gabikliot," Kirkland, WA, USA ",36,57,71,30
gagern," Dublin, Ireland ",90,18,27,3
garretrieger,Unknown,6,2,36,0
garrettjonesgoogle,Unknown,19,12,66,9
garrickevans," Mountain View, CA ",2,0,39,0
garye," New York, NY ",10,56,31,2
garykac, Seattle ,23,2,50,8
gburiola, London UK ,24,26,14,2
gcochard," Bay Area, California ",96,24,38,7
gdeangel,Unknown,6,109,13,0
gduchene," London, United Kingdom ",4,6,22,0
gennadiycivil, New York ,5,3,32,6
geoffromer," Kirkland, WA, USA ",6,3,34,0
geolands,Unknown,0,0,7,0
geordasche,Unknown,11,3,3,2
gevp,Unknown,0,0,0,0
ggogolowicz,Unknown,1,0,33,0
GHF," San Francisco, CA ",21,60,51,4
ginader," Santa Clara, CA ",48,881,198,148
Gisonrg, Singapore ,27,454,48,24
gk5885," Chicago, IL ",7,10,385,2
gkdn,Unknown,0,3,82,0
gkelly, Canada ,20,114,154,85
glickbot," Tampa, FL ",65,16,20,3
gmagogsfm,Unknown,13,8,2,1
goderbauer,Unknown,36,4,79,0
goldshtn," Kfar Saba, Israel ",50,9,264,0
gonfunko," Irvine, CA ",10,17,25,31
gongloo," Boston, MA, USA ",5,5,20,1
gontech," Seattle, WA ",2,1,5,2
google-admin,Unknown,0,31,187,0
gordonrowell,Unknown,0,0,17,0
gpshead," Menlo Park, CA ",13,209,84,44
GrahamRogers,Unknown,3,2,16,0
grant, SF ,171,435,454,99
grantr," Seattle, WA ",63,111,139,0
grayluck," Sunnyvale, CA ",12,5,25,21
greenfie,Unknown,1,5,16,1
grosskur, Mountain View ,85,4k,44,0
grouma," Seattle, Washington ",12,5,16,0
gsathya," San Francisco, USA ",92,50,264,39
gtesseyre," San Francisco, CA ",8,0,2,0
gunsch,Unknown,15,6,26,4
guobiao," Cambridge, MA ",0,1,31,4
guobingkun, Mountain View ,9,7,27,0
gwelymernans," San Francisco, CA ",5,7,54,0
haberman," Seattle, WA ",12,11,257,2
HackerFoo," Mountain View, California, USA ",20,140,41,10
hahnr, San Francisco ,0,6,7,0
HailongWen, Sunnyvale ,33,28,6,1
HalfdanJ, New York ,99,36,399,3
halvards,Unknown,65,171,23,10
hanwen,Unknown,22,9,200,6
hanzhaolin,Unknown,0,0,6,0
happygiraffe," Brighton, UK ",28,47,68,52
hapticdata, NYC ,41,161,410,40
har79," London, UK ",16,6,21,2
hawkinsp,Unknown,3,3,60,0
hayatoito, Tokyo ,39,8,113,0
hbhasker,Unknown,7,16,34,1
hcaseyal,Unknown,6,0,1,0
hchen1506,Unknown,6,8,12,0
hdurer, South-east England ,8,191,64,76
heathkit," Seattle, WA ",43,207,39,8
helfrichmichael," New York, New York ",0,1,10,14
hendrikwagenaar, MTV ,3,0,28,0
henrybell,Unknown,22,17,16,5
hermione521, Munich ,22,38,59,8
heschik,Unknown,1,0,13,0
Hexcles, Canada ,35,652,182,104
hfwang,Unknown,76,262,27,13
hibafakhoury,Unknown,1,1,27,0
hk-cho," Mountain View, CA ",0,0,17,0
hnsl, Stockholm ,16,33,30,5
howardzzh," Bay Area, CA ",0,1,17,1
hray2003,Unknown,4,0,15,1
hrwgc, San Francisco ,19,45,82,10
hsaliak,Unknown,11,23,52,0
hterkelsen, United States ,28,29,43,3
hugelgupf,Unknown,31,57,75,119
huiyangxing,Unknown,0,1,7,0
hulkholden," London, UK ",7,14,51,2
hxiong388, Seattle ,7,5,19,1
ia0, Zürich ,25,5,15,25
IainNZ," London, UK ",36,42,177,15
ianbarber, San Francisco ,71,93,334,13
ianegordon," New York, NY ",16,25,26,5
iangudger,Unknown,6,9,40,7
ianlancetaylor," Berkeley, California, USA ",5,1,465,0
ibab," London, UK ",88,203,448,67
ibjhb,Unknown,39,81,36,44
icheckmate, New York City ,11,9,23,4
icmdaf,Unknown,2,1,15,0
icoloma," Berlin, Germany ",39,19,45,0
iflan," Zürich, Switzerland ",10,0,19,1
ignacyk," Warsaw, Poland ",2,0,7,0
igorpeshansky,Unknown,11,2,33,0
igrigorik," San Francisco, CA ",72,3.6k,6.1k,153
IharBury," Zürich, Switzerland ",14,24,18,7
Iheartweb, Mountain View CA ,20,129,32,24
iislucas,Unknown,8,20,67,9
ikbeneyal,Unknown,2,1,3,0
ilyamironov,Unknown,1,9,6,0
ImJasonH," New York, NY ",63,43,84,17
inio,Unknown,11,6,32,0
ipopov,Unknown,10,33,43,21
iprotsyuk," London, UK ",9,4,6,1
iqs," New York, NY ",2,10,28,0
IreneKnapp, California ,69,42,57,28
isaaccp,Unknown,2,7,20,0
ISF, Ireland ,1,34,34,25
ishermandom,Unknown,3,3,5,1
ismena,Unknown,3,0,16,0
isomer, London ,28,25,65,27
israel-lugo, United Kingdom ,12,7,8,3
issmirnov," Bay Area, California ",68,198,46,19
ivansandrk,Unknown,3,1,16,0
ivant, San Francisco Bay Area ,18,38,44,12
ixdy,Unknown,39,8,78,13
J-M-Barnes,Unknown,0,0,6,0
jabagawee," San Francisco, CA ",51,67,15,11
jackfirth," Mountain View, CA ",62,246,72,83
jackgr, United States ,17,2,49,0
jadekler," San Francisco, CA ",173,789,65,40
Jai-Chaudhary, New York ,66,709,47,159
jaimefrio," Zurich, Switzerland ",20,3,69,5
jakearchibald,Unknown,155,60,4.2k,3
jakebiesinger," Irvine, CA ",18,54,38,15
JakeWharton," Pittsburgh, PA, USA ",94,230,46.2k,12
james7132," Mountain View, CA ",17,24,40,9
jamesdaniels," San Francisco, CA ",106,518,174,81
jamesshannon,Unknown,23,10,30,0
jan-wassenberg, Zürich ,1,3,37,0
janclarin," Mountain View, California ",12,56,59,84
janetkuo," Mountain View, CA ",36,151,255,21
jangie,Unknown,33,5,13,1
jankeymeulen,Unknown,7,0,16,0
japacible, Seattle ,80,18,210,9
jaredsburrows,Unknown,42,510,220,13
jart,Unknown,179,75,802,77
jason9t," Washington, DC ",1,7,43,0
JasonAHeron,Unknown,26,38,19,5
jasonmc," Brooklyn, New York ",23,103,30,23
javier-b-perez,Unknown,8,0,7,0
jayantkolhe, United States ,9,17,55,0
jaybe38, UK ,7,6,40,3
JayGoldberg," San Francisco, CA, USA ",34,124,14,4
jaypizzle," Milan, Italy ",6,6,6,1
JayXon," California, United States; Beijing, China ",24,202,177,12
jayzelenkov," San Francisco, CA ",16,325,42,123
jbarbero, San Francisco Bay Area ,12,3,7,2
jbartosik, Eu/Pl ,15,2,13,2
jbnicolai, Amsterdam ,640,163,126,32
jbolinger," Sunnyvale, CA ",13,0,5,0
jbowen93, United States ,37,2,12,0
jbrook, Amsterdam ,33,378,16,18
jcbsmpsn,Unknown,12,0,25,0
jck112,Unknown,1,0,11,0
jcomputer,Unknown,0,2,13,0
jculpon, SF Bay Area ,10,27,20,6
jdgreenberg,Unknown,1,0,31,0
jdmgoogle,Unknown,1,0,17,0
jdoerrie,Unknown,14,54,15,2
jDramaix,Unknown,20,18,96,10
jdumars, Seattle ,19,8,56,27
jeadorf,Unknown,12,0,10,0
jeffallen-google,Unknown,9,0,12,0
jeffkaufman, Somerville MA ,50,20,182,3
jeffmendoza,Unknown,41,16,65,2
jeffposnick," Brooklyn, NY ",80,28,417,0
jeisinger,Unknown,14,2,61,0
jelbourn, California ,22,5,532,0
jemoreira,Unknown,1,0,6,0
jennybuckley," Sunnyvale, CA ",8,0,6,0
jeremyje," Seattle, WA ",18,9,50,6
jeremykeen," Philadelphia, PA ",31,54,15,18
jeremywhelchel, New York City ,4,24,40,20
jerjou,Unknown,7,0,44,0
jermowery," Seattle, WA ",4,2,32,0
JeromeA,Unknown,1,1,11,0
jessicaochen,Unknown,7,0,18,0
Jessie-Newman," Atlanta, GA ",6,1,46,5
jessimb,Unknown,4,0,14,0
jeztek,Unknown,18,19,29,3
jf647," Seattle, WA ",58,56,32,0
jforman," Boston, MA ",28,2,14,0
jfroy," San Francisco, CA ",3,209,40,0
jgaillard85,Unknown,1,0,5,0
jgrunert,Unknown,6,6,13,6
jharmsen, Zurich ,4,4,17,0
jhseu," San Francisco, CA ",13,13,212,1
jianglai, New York ,17,19,24,32
jiayingz,Unknown,8,0,20,0
jiliao,Unknown,2,13,17,2
jimper,Unknown,9,3,38,0
jimrogerz," San Francisco, CA ",2,0,11,0
jin, New York City ,95,511,110,59
jingbian,Unknown,5,0,17,0
jinwoo," SF Bay Area, CA ",39,4,23,0
jinxos, Switzerland ,3,7,34,2
jiyangchen,Unknown,3,0,11,0
jiyunyao,Unknown,3,0,7,0
jjerger," Sunnyvale, CA ",1,0,3,0
jjh42, London ,61,38,56,8
jjwatt," Atlanta, GA ",30,292,19,10
jkadams,Unknown,2,2,23,0
jkingyens,Unknown,98,3.1k,91,146
jklein24, Los Angeles ,73,11,77,11
jkoleszar,Unknown,3,1,12,0
jkomoros,Unknown,4,144,62,1
jladieu,Unknown,4,1,15,0
jlcarmer,Unknown,0,0,6,2
jleahey," San Francisco, CA ",5,6,19,8
jlivni,Unknown,23,23,145,1
JLLLinn,Unknown,16,4,4,1
jlowdermilk,Unknown,9,4,44,3
jm2," Sunnyvale, CA ",1,5,9,1
jmdobry," Seattle, WA ",40,347,349,0
jmetherd,Unknown,5,0,14,0
jmgao," Mountain View, CA ",59,30,42,0
jmickeyd," San Francisco, CA ",5,1,36,2
jmr, New York ,7,8,32,0
jmrunkle," Orange County, CA ",15,6,18,4
jmwaura," Washington, DC ",5,0,32,0
jo2y," San Jose, California ",24,34,3,0
joachimmetz,Unknown,25,0,248,0
joaoandremartins, New York ,12,4,11,2
joefernandez," San Jose, CA ",1,1,30,1
joel-shor,Unknown,7,3,56,2
johnfesa,Unknown,0,1,8,0
johnheroy, Los Angeles ,85,249,110,118
johnmellor, London ,14,25,47,0
johnsonj," Seattle, WA ",40,64,47,11
johnwilkes,Unknown,1,0,43,0
jolros,Unknown,28,14,23,3
jon," Seattle, WA ",28,31,25,0
jonathanasdf, Pittsburgh ,18,0,19,0
JonathanDCohen,Unknown,15,0,9,0
jonathankarsh,Unknown,23,61,7,0
jonathanpittman," Atlanta, GA ",0,13,14,5
jonkeller," Cambridge, MA ",21,63,15,2
jonmayergoogle,Unknown,3,1,7,0
joonlim,Unknown,46,58,3,4
JordanJTW,Unknown,15,2,0,0
jordoncm,Unknown,21,7,23,0
josenavas," San Diego, California ",56,1,9,0
josephlewis42," Seattle, WA ",38,101,16,9
josephlr," Seattle, Washington ",14,10,32,5
josheverett, San Francisco ,11,136,24,4
joshrose,Unknown,9,178,7,20
joshsimmons," Petaluma, CA ",2,286,94,131
joshzimmerman,Unknown,7,6,21,0
jparagon,Unknown,5,17,7,15
jpatokal,Unknown,22,22,65,0
jpbetz," Mountain View, CA ",37,139,23,11
jpchase,Unknown,18,6,26,0
jpevarnek, New York City ,13,10,33,3
jpharaoh-google,Unknown,2,0,6,0
jpienaar,Unknown,2,4,11,0
jplobosgle,Unknown,0,0,3,0
jpoumailloux, in the Cloud.. :) ,5,9,7,0
jqln-0," Sydney, Australia ",7,4,32,1
jridgewell," New York, NY ",92,42,357,0
jrtom," Kirkland, WA, USA ",1,1,42,0
jrundquist," Mountain View, CA ",21,12,16,5
jsafyan, San Francisco ,16,63,11,10
jsanmiya,Unknown,1,0,44,0
jsannemo, Sweden ,18,10,39,6
jsantell, San Francisco ,179,566,525,74
jsharkey,Unknown,12,6,45,1
jshcrowthe," Mountain View, CA ",58,39,113,43
jsimsa," California, USA ",8,0,41,0
jsjeon," Kirkland, WA ",4,19,22,8
jskeet," London, UK ",25,1,3.3k,1
jskorupski," Irvine, CA ",14,140,14,4
jstemmer, London ,14,140,54,15
jsummerfield,Unknown,0,0,19,0
jtacoma," New York, NY ",27,131,25,12
jtangelder," Zürich, Switzerland ",77,171,279,3
jterrace," Seattle, WA ",52,81,108,17
jtgans," Seattle, WA ",41,20,13,2
jtmcdole," Sunnyvale, CA ",22,26,46,5
juancnuno,Unknown,1,0,5,0
judax," San Francisco, CA ",15,2,33,1
judkowitz," San Jose, CA ",1,0,15,0
juliaferraioli,Unknown,9,39,178,0
juliantoledo, Spain ,8,34,48,3
juliemr," Seattle, WA ",48,23,2.2k,2
jungithubcloud,Unknown,0,0,10,0
junyer," Sydney, Australia ",0,0,20,0
JustinBeckwith," Seattle, WA ",150,186,181,17
justinbelcher," San Francisco, CA ",2,33,28,0
JustinBis," Boulder, CO ",22,36,11,2
justinburke,Unknown,47,79,12,15
justingiorgi,Unknown,4,0,15,0
justingrayston, UK ,33,71,16,12
justinmanley," Chicago, IL ",60,212,55,74
JustinMockler, San Francisco Bay Area ,5,0,9,0
justinsb, United States ,134,64,248,0
justinseinlin," CA, USA ",3,5,7,0
jvdillon," Mountain View, CA ",1,2,27,2
jverkoey," New York, NY ",47,81,1.4k,4
jwilling, Bay Area ,18,281,317,37
jwren," Portland, OR ",16,63,37,20
jyasskin," Portland, OR ",106,42,158,16
jyujin," Dublin, Ireland ",11,62,60,26
k-w-w,Unknown,2,1,32,0
k4leung4,Unknown,4,0,5,0
kaathewise," London, UK ",11,3,7,0
Kagadar, Australia ,0,0,11,1
kainino0x," Mountain View, CA ",49,35,50,0
kalakris, Palo Alto ,18,16,91,5
KamranAsif," New York, NY ",19,14,16,3
karan, Seattle ,126,87,2.8k,0
karlhiramoto,Unknown,26,115,71,17
karmel,Unknown,11,4,35,1
Kashomon," Seattle, WA ",54,93,59,28
kaspnilsson," San Francisco, CA ",6,6,18,3
katelee168,Unknown,11,5,26,19
katsiapis,Unknown,3,4,21,0
kawych,Unknown,18,0,8,0
kaycebasques," San Carlos, California ",20,40,109,8
kayzhu," Mountain View, California || Toronto, Ontario ",13,273,63,14
kb," Providence, RI ",18,574,44,0
kc8apf," San Jose, CA ",15,14,25,1
kcoronado,Unknown,4,0,4,0
keanulee, San Francisco ,45,11,205,0
keghani," Zürich, Switzerland ",2,6,63,1
KeithMoyer,Unknown,3,6,4,0
keithsmyth," California, United States ",23,4,10,2
keithwrightbos,Unknown,3,2,20,0
kenlimmj," New York City, NY, USA ",40,1.4k,35,3
kennknowles,Unknown,128,244,118,20
kerneis, Paris ,13,16,57,0
keshan, Colombo ,18,74,14,16
keving,Unknown,1,0,18,0
kevinlindkvist," San Francisco, California ",9,0,13,0
kevinoconnor7, New York ,45,68,29,3
kevinsheehan," Boston, MA ",2,6,10,0
kevmo314," Cambridge, MA ",31,13,23,0
kewu1992,Unknown,7,0,10,1
keyboardsurfer," London, UK ",6,97,2.3k,59
keytoaster," Dublin, Ireland ",3,1,9,1
kford, San Francisco Bay Area ,5,11,6,1
kford55, Greater NYC Area ,28,12,15,11
kgolab, Poland ,3,2,3,0
khatamnejad,Unknown,1,1,3,0
khwang," Berkeley, CA ",58,261,54,46
kibab," München, Deutschland ",17,20,26,11
kibbles-n-bytes,Unknown,12,1,10,0
kinwa91, Seattle ,27,6,6,2
kiratp,Unknown,2,8,11,1
kirilg, San Francisco ,2,2,101,0
kishore-narendran," Irvine, CA ",44,139,66,99
kjacqmin, United States ,0,0,25,0
kjkjava," Georgia, USA ",13,81,42,24
kkkarnik,Unknown,0,0,3,0
klausw,Unknown,8,5,64,0
klepikov,Unknown,5,3,42,0
kluever," New York, NY ",5,18,72,13
kmassada," Baltimore, MD ",42,13,21,2
kojiishi," Tokyo, Japan ",38,59,26,8
kolmodin," Stockholm, Sweden ",26,40,90,18
kolodny, New York ,190,217,213,5
kow3ns," San Francisco, CA ",16,3,49,0
KrauseFx, https://whereisfelix.today ,108,1k,3.1k,10
krisgiesing,Unknown,9,0,27,0
krousey,Unknown,11,6,40,1
kruton," Mountain View, CA, USA ",52,32,159,1
Krylez," Seattle, CA ",4,42,5,21
krzysied,Unknown,4,0,3,0
krzysztof-jastrzebski," Warsaw, Poland ",3,1,7,0
krzyzacy," Mountain View, CA ",31,9,24,14
ksiegel, Massachusetts ,11,33,9,2
ksprashu, India ,82,8,16,2
kssilveira," Porto Alegre, RS, Brazil ",7,3,25,0
kthelgason,Unknown,50,140,61,31
kuba,Unknown,23,99,87,52
kunaaljain, India ,47,59,48,5
kurin," Seattle, WA ",14,25,20,6
KurtSteinkraus,Unknown,0,1,30,0
kvafy," London, United Kingdom ",13,2,3,0
kw,Unknown,3,17,9,0
kwadkore,Unknown,5,24,24,2
kwiberg,Unknown,4,1,24,0
kwl,Unknown,5,2,17,0
KyleWiese,Unknown,6,0,6,0
kyliau,Unknown,17,43,22,5
laixer," Sunnyvale, California ",21,3,21,0
lakshmanok," Seattle, WA ",14,4,76,0
lambdatastic," Bay Area, California ",36,96,65,28
lamberta," Mountain View, CA ",18,10,98,11
langner, Mountain View ,33,90,35,26
lann,Unknown,71,43,32,1
lanthaler,Unknown,65,542,162,0
larryleguo," Sunnyvale, CA ",1,1,7,0
LaurentMazare,Unknown,26,7,51,2
lavalamp," Mountain View, CA ",16,9,192,0
ldemailly,Unknown,24,18,66,8
leandrotoledo," Reston, VA ",47,76,71,9
leeschumacher,Unknown,5,5,31,0
lelanophilus-zz,Unknown,2,0,18,0
lemonzi," Zürich, Switzerland ",28,227,88,26
LeonScroggins,Unknown,1,2,15,1
levilindsey," Seattle, WA ",25,115,25,22
liaoarden,Unknown,5,5,14,1
Lindurion," Mountain View, CA ",6,1,11,1
liouh,Unknown,16,68,27,3
liuhaodong,Unknown,23,8,5,5
Liujingfang1, Sunnyvale ,18,4,9,1
liujisi,Unknown,3,1,44,0
liuming0,Unknown,2,0,22,0
liviosoares, Greater New York area ,16,6,11,2
liyanhui1228," Sunnyvale, CA ",16,10,28,9
liyinan926," Sunnyvale, CA ",17,49,33,0
lizan, San Francisco Bay Area ,36,26,50,24
lookuptable," Mountain View, CA ",30,19,13,0
loosecannon93,Unknown,19,14,26,13
LorenVS, Seattle ,24,2,19,0
losipiuk," Warsaw, Poland ",30,28,12,3
lpy," Shantou, Guangdong, China ",15,66,118,31
lrem, Europe ,42,9,19,0
lszekeres,Unknown,4,5,10,3
lucas-clemente, Zurich ,48,132,99,7
lucaswadedavis," San Francisco, California ",154,159,142,241
Lucretiel, New York City ,96,15,24,0
ludoch, United States ,50,62,59,5
ludwigschubert, San Francisco ,66,80,66,7
lukegb,Unknown,166,145,111,39
lukeleslie," Urbana, IL ",18,39,15,0
lunrong, MTV ,2,2,9,0
luofei11, United States ,25,4,20,10
lupino3, Dublin ,7,25,39,16
lusilva,Unknown,9,21,7,2
luuse," London, UK ",3,101,36,14
luzhang,Unknown,12,7,7,6
lwander, NYC ,36,41,114,45
lweichselbaum,Unknown,2,4,22,1
lxuechen, Toronto ,14,134,38,57
lynnye,Unknown,4,0,2,0
m3drano,Unknown,4,72,20,5
ma2rten,Unknown,4,6,19,0
mabouza," San Jose, CA ",3,5,36,1
madhav-datt, San Francisco Bay Area ,44,33,120,46
mairbek, San Francisco ,43,203,66,55
maisem," Seattle, WA ",6,2,19,0
majido,Unknown,28,30,30,7
majnemer,Unknown,5,9,70,0
malcolmr,Unknown,11,6,32,2
malucky,Unknown,79,58,8,4
manastungare, San Francisco Bay Area ,14,103,159,21
mangini,Unknown,33,12,765,2
manutenfruits," New York, NY ",20,23,5,11
maplemuse," Kitchener, Ontario ",14,21,19,2
marcacohen, London ,21,16,125,9
marcja," New York, NY ",4,109,35,9
MarcoSero," London, United Kingdom ",38,519,136,76
markchang," Boston, MA ",42,70,57,0
MarkDaoust,Unknown,11,159,41,0
markdroth,Unknown,5,0,22,0
markegli," irvine, ca ",5,46,19,15
MarkEHenderson," Mountain View, CA ",3,1,7,0
markmcd," Sydney, Australia ",29,103,161,16
markpell,Unknown,2,1,28,0
MarkusBordihn, Germany ,30,12,42,4
markusicu, California ,1,0,27,0
MartenvanWezel,Unknown,3,0,17,1
martincochrang,Unknown,2,0,15,0
martinluka,Unknown,0,0,9,0
martinpuryear,Unknown,0,0,6,0
maruel," Ottawa, Canada ",63,85,177,8
MasonSchneider," Seattle, WA ",23,1,5,5
masto, New York ,21,30,17,2
mateusazis," San José, California ",27,13,18,0
matgand, Milan ,1,1,1,0
mathiasbynens, Germany ,449,1.3k,5.8k,152
Matir,Unknown,46,112,115,21
matsf-google,Unknown,0,0,6,0
matsko," San Francisco, California ",27,59,1.4k,73
matted," Cambridge, MA ",9,2,19,1
matthewg," Seattle, WA ",15,4,36,0
matthewlai," London, UK ",3,0,32,0
matthewloring," Mountain View, CA ",27,0,83,0
matttproud," Zürich, Schweiz ",81,21,157,1
matvore,Unknown,5,41,39,5
mauimauer," London, UK ",86,176,181,27
maurerj,Unknown,0,0,26,0
mauskopf, San Francisco ,6,9,21,5
Max401,Unknown,2,0,13,0
maximermilov,Unknown,11,5,16,0
maximgoldin,Unknown,1,0,9,0
MaxRossGoogle,Unknown,2,2,29,0
mayakacz,Unknown,2,32,4,0
mbassiouny,Unknown,5,1,10,0
mbohlool," Mountain View, CA ",34,14,36,1
mborsz,Unknown,9,2,10,0
mbrukman, NYC ,1.4k,2k,114,52
McBrainy,Unknown,9,12,9,2
mchambers," San Bruno, CA ",21,72,12,1
mcoder," Mountain View, CA ",1,3,13,0
mdaly,Unknown,1,1,6,0
mdanatg, USA ,5,1,4,0
mdebeaux," Paris, France ",0,18,18,1
mdempsky," San Francisco, CA ",34,11,169,1
mdietz94, New York ,11,5,21,1
mdruskin," San Francisco, CA ",5,0,5,0
MechCoder, Mountain View ,97,102,226,46
medb,Unknown,1,0,6,0
medinatiger, Seattle ,6,0,5,0
medyagh, Earth Planet ,59,73,17,9
melap,Unknown,3,12,14,0
melodylu, Mountain View ,49,23,8,4
mengqiy," Sunnyvale, CA ",20,4,26,1
meritus,Unknown,18,0,9,1
metafeather," London, UK ",14,993,32,28
meteorcloudy, Munich ,23,5,89,7
mfoltzgoogle," Seattle, WA ",9,45,21,1
mfschwartz," Boulder, CO ",1,2,44,1
mfurtak,Unknown,8,190,62,8
mgainer,Unknown,2,0,10,0
mgottscho," San Jose, CA ",44,58,11,19
mhahmadi," Montreal, QC ",22,12,18,11
mhenc,Unknown,0,1,9,1
mherkender," San Francisco, CA ",7,8,42,1
mi-jones," Waterloo, Ontario, Canada ",3,5,10,1
micahber,Unknown,0,0,11,0
michael-schaller, Munich/Germany ,2,3,12,6
michaelabdelmalek,Unknown,0,0,25,0
michaelarusso,Unknown,8,0,22,0
MichaelDoyle," Concord, MA ",13,64,40,82
michaelharo,Unknown,3,2,17,0
michaelisard,Unknown,1,0,121,0
michaelkleber," Cambridge, MA ",1,1,15,0
michaellenaghan,Unknown,5,4,11,0
michaelquinn32," Los Angeles, CA ",20,0,14,0
michaelrbock," San Francisco, CA ",62,186,32,17
michaelsafyan," Pittsburgh, PA ",4,25,28,74
michaelwsherman," New York, NY ",8,4,10,4
michaschwab," Boston, MA ",20,6,10,1
miguelandres," New York, NY ",4,3,64,11
miguelfc, Spain ,20,9,4,0
miguelfrde,Unknown,38,307,44,47
miguelmc," Monterrey, México ",19,40,14,4
mihnjong,Unknown,9,1,4,0
MiichaelD," San Francisco, Ca ",65,27,20,14
mikaelpeltier," Rennes, France ",1,1,6,0
mikedanese, Center of the Universe ,70,192,179,1
mikedory," Maplewood, NJ ",44,514,52,41
mikehaney24," Mountain View, CA ",15,126,19,10
mikesamuel," Princeton, NJ ",49,14,62,7
mikewest," Munich, Germany ",99,130,393,71
mikewiacek," Mountain View, CA ",9,25,30,0
mindhog,Unknown,12,6,36,8
mindprince, San Francisco Bay Area ,39,33,42,0
mingxingtan,Unknown,3,2,33,0
minorninth, California ,11,2,24,0
MirkoBonadei," Stockholm, Sweden ",21,93,47,45
misterikkit, California ,8,11,11,8
misterwilliam," San Francisco, CA ",41,9,17,3
mitchellwills," Worcester, MA ",44,0,26,0
mizitch," Seattle, WA ",3,1,11,0
mjansche,Unknown,10,26,40,9
mjlazar," New York, NY ",1,76,5,0
mk13, Mountain View ,13,4,4,4
mkatiyar,Unknown,6,2,9,1
mkjelland, Seattle ,11,10,29,0
mkoryak, Boston ,55,73,50,16
mkowalchuk,Unknown,2,1,26,1
mkruisselbrink,Unknown,17,0,17,0
mlbileschi,Unknown,19,11,9,0
mlippautz, Munich ,8,3,33,0
mmalerba,Unknown,10,1,33,1
mmermerkaya," London, UK ",5,140,34,16
mml," Valley of Heart's Delight, California Floristic Province ",28,24,35,14
mmoreno-g,Unknown,0,0,4,0
mmotorny,Unknown,2,6,27,0
moandcompany, Internet ,76,336,14,2
moduloprime,Unknown,1,0,24,0
Mononofu," London, UK ",67,39,213,2
monsur," Chicago, IL ",17,154,99,27
moorea7,Unknown,2,0,3,0
morehouse,Unknown,6,0,8,0
morgante, New York ,171,484,63,45
Morgawr, Dublin ,40,32,72,29
MoritzT," Dublin, Ireland ",8,4,61,8
mothepro," Austin, TX ",38,98,21,0
mounirlamouri,Unknown,72,14,81,2
mpAtGoogle,Unknown,0,0,13,0
mpd,Unknown,7,10,27,0
mrazza," New York, NY ",4,5,12,1
MrDisconnect,Unknown,1,2,15,0
mrhania, Wrocław ,14,11,9,0
mrhappyasthma,Unknown,23,0,27,10
MrHohn, Bay Area ,41,23,64,6
mrisher,Unknown,17,6,30,3
mritche,Unknown,1,0,23,0
mrotondo,Unknown,21,76,30,70
MrPickles,Unknown,6,37,15,7
mrthrailkill,Unknown,3,16,12,0
msau42,Unknown,7,2,47,0
msuozzo,Unknown,30,15,30,3
mteper,Unknown,21,27,15,1
mugurm, San Francisco Bay Area ,5,36,42,18
munutzer,Unknown,1,0,24,0
muonzoo," London, UK ",21,15,8,1
murgatroid99,Unknown,31,7,64,0
mustaqahmed, Waterloo ,7,0,8,0
mvd7793," Mountain View, CA ",50,12,75,9
MylesBorins," New York, New York ",233,278,914,145
myounglai,Unknown,10,5,5,0
mzero," Mountain View, California ",19,20,168,7
n0nick," Tel Aviv, Israel ",69,415,40,29
n1vlac," San Francisco, CA ",6,8,11,0
n3wscott,Unknown,30,2,7,0
nageshs,Unknown,12,30,78,20
nakulj,Unknown,12,5,10,0
Narasimman," Palo Alto, California ",38,9,11,4
Narflex, Los Angeles ,1,1,28,0
narphorium," San Francisco, CA ",10,62,79,7
natebosch," Seattle, WA ",27,8,33,6
natewilliford,Unknown,21,7,27,1
nathan-williams,Unknown,5,0,5,0
nathang21," San Jose, CA ",31,141,9,12
natorion," Munich, Germany ",10,2,48,2
NavidZ,Unknown,11,0,13,0
ncdat,Unknown,0,0,10,0
ndmckinley," Seattle, WA ",32,6,15,0
nealwu," Palo Alto, CA ",25,5,340,14
nedn, Berkeley ,17,4,61,3
NeilFraser, California ,9,9,190,0
nelsonjr,Unknown,29,5,22,1
neoseele, Australia ,47,0,13,0
nerdatmath,Unknown,14,103,17,8
netdpb, New York ,4,6,42,3
nettoyeurny," New York, NY ",12,14,160,0
newgiin," San Francisco, CA ",18,13,15,4
Nexproc," San Francisco, California ",20,2,17,5
nfallen,Unknown,10,2,9,2
nfaralli,Unknown,5,2,32,0
nfarring," Los Angeles, California, USA ",6,16,25,13
nfelt," Stanford, California ",4,10,31,1
nglorioso,Unknown,5,0,8,2
ngparker, California ,5,4,26,0
niallkennedy," San Francisco, CA, United States ",15,25,94,0
NicholasDunham, United States ,43,72,26,21
nickdesaulniers," Mountain View, CA ",185,633,382,87
nickofbh, Palo Alto ,7,51,25,12
nickread," Sydney, Australia ",5,35,15,1
nicksardo," San Francisco, CA ",30,75,29,6
nicksay," Brooklyn, NY ",17,4,81,0
nicolasgarnier, Switzerland ,11,22,425,1
nicuveo,Unknown,30,8,30,16
nikclayton,Unknown,13,21,33,0
nikhiljindal," Mountain View, California ",14,2,76,2
nikiparmar,Unknown,5,3,28,0
nilsbarth,Unknown,0,0,16,0
nirster, Israel ,7,24,21,10
nirum," Mountain View, CA ",57,386,69,31
nitobuendia, Singapore ,3,21,6,2
nixprime,Unknown,7,0,31,3
nkrishnaswami," New York, NY ",20,4,13,12
nkubala, San Francisco ,38,35,37,6
nlativy, London ,5,49,67,5
nmasharani,Unknown,22,2,24,0
nmittler," Santa Clara, CA ",27,7,88,3
nodirt, Bay Area ,39,29,150,27
nof20," New York City, NY ",24,71,7,14
nohe427," Sunnyvale, CA ",56,49,37,72
nottombrown, San Francisco ,133,842,183,101
npaglieri," Sydney, Australia ",1,5,8,0
Nurdok, Israel ,18,42,35,11
nvll,Unknown,22,8,256,0
nya3jp," Tokyo, Japan ",19,8,35,0
nyaxt," Tokyo, Japan ",28,17,47,0
oahziur,Unknown,22,129,66,5
oaktowner,Unknown,10,5,33,1
oalami," San Francisco, CA ",18,26,109,4
objcode," Mountain View, CA ",27,14,36,2
objecthub," Zurich, Switzerland ",3,21,14,7
obsc,Unknown,16,0,15,0
ochafik, London ,114,245,178,19
ocsig, Amsterdam ,4,0,5,0
odejesush," San Jose, CA ",6,0,0,0
oferb,Unknown,10,0,7,0
ohayon," Boston, MA ",16,243,86,24
oldjunyi, Singapore ,18,6,23,2
olegshaldibin, San Francisco CA ,10,34,39,4
oliverchang, SF Bay Area ,13,19,24,4
omerkling,Unknown,3,1,8,0
omerziv," Brooklyn, NY ",2,6,20,1
OmidTahouri," Guildford/London, United Kingdom ",7,15,10,5
opozo, Bay Area ,4,86,19,86
oprypin," Stockholm, Sweden ",55,237,75,1
oreztixe,Unknown,0,0,13,0
Orphis," Stockholm, Sweden ",23,7,33,3
oscardelben, Zurich ,88,123,258,16
oxddr,Unknown,7,14,0,0
oyiptong," Burlingame, CA ",69,54,39,28
pakhandi," Allahabad, UP, India ",37,40,105,15
palcu," London, United Kingdom ",90,575,203,201
palladius, Zurich ,119,150,47,28
pames,Unknown,2,9,56,21
pasindud,Unknown,67,152,130,5
pasko,Unknown,9,15,76,12
patflynn, New York City ,24,18,29,10
patlillis," Boulder, CO ",30,650,21,61
patrickbaumann," Mountain View, CA ",19,46,11,10
patrickhulce," San Jose, CA ",89,90,103,12
patspam," Melbourne, Australia ",43,60,51,14
paulangton," Boston, MA ",10,9,10,10
paulb777," Alameda, California US ",43,59,99,6
paulirish, Palo Alto ,269,726,25.9k,245
paullewis," London, United Kingdom ",18,4,2.1k,11
paulpooch," New York, NY ",13,239,12,34
paulrossman," Seattle, WA ",20,5,66,13
pavelgj,Unknown,23,8,150,5
paween," Mountain View, CA ",3,2,5,0
pbalaram," San Francisco, CA ",3,8,9,0
pbos," Kirkland, WA ",33,16,107,15
pcarff," Charleston, SC ",6,0,13,1
pcostell," San Francsico,CA ",23,6,44,3
peetahzee, Seattle ,26,6,37,1
pefoley2, United States ,55,120,25,1
peggychi," Mountain View, California ",1,60,26,4
penmetsaa,Unknown,0,0,23,0
penpornk,Unknown,0,0,0,0
pepol," Dublin, Ireland ",7,21,35,25
perimosocordiae," Amherst, MA ",57,158,78,44
perotinus, San Francisco Bay Area ,27,2,16,0
petebu," London, UK ",1,1,27,0
petele," New York, NY ",44,42,435,3
peterhanspers,Unknown,0,0,7,0
peterjosling," London, UK ",29,122,34,6
petewarden," San Francisco, CA ",78,54,1.3k,1
pfritzsche," Seattle, WA ",1,0,15,11
pgenera,Unknown,5,66,24,0
pgeorgi," Babenhausen, Germany ",4,22,54,2
phajdan,Unknown,1,1,24,0
philippeantoine,Unknown,5,15,35,28
philipwalton," San Francisco, CA ",46,80,2.5k,8
Philmod, New York City ,79,132,76,166
philwo," Munich, Germany ",16,105,46,12
pietergreyling," London, United Kingdom ",8,35,23,0
PiotrSikora," San Francisco, CA ",44,465,151,7
pipejakob," Seattle, WA ",16,5,19,0
pixi-stix, NYC ,1,19,20,7
piyushnigam,Unknown,5,0,6,0
pkern,Unknown,24,5,33,0
pklpkl,Unknown,1,0,14,0
pkumar0508," New York, NY ",5,46,7,13
pleroy, Switzerland ,1,1,35,3
plural,Unknown,33,29,22,4
Plutor," Boston, MA, USA ",6,10,32,9
pmeenan," Virginia, USA ",18,6,129,0
pmuetschard," San Jose, CA ",14,1,10,0
poitch,Unknown,16,566,26,5
polds, Seattle ,59,80,14,2
pouyak,Unknown,1,0,24,0
powion,Unknown,11,11,10,1
ppham27," Seattle, WA ",24,19,15,0
pqu," Christchurch, New Zealand ",3,88,14,0
pr4v33n,Unknown,17,858,29,100
prameshj,Unknown,3,0,4,0
prateekbh,Unknown,47,80,190,18
prattmic," Mountain View, CA ",63,68,67,78
prestonvanloon," New York, NY ",43,374,45,65
prideout, Mountain View ,41,68,424,10
Primigenus, Mountain View ,68,675,105,52
ProgramMax,Unknown,31,67,34,33
prondeau,Unknown,1,6,8,0
proppy, San Francisco ,136,334,284,35
protoget, Mountain View ,33,25,48,8
psimakov, Palo Alto ,9,7,8,2
PunKeel," Munich, Germany ",54,1.5k,90,123
punzki," WA, USA ",2,0,14,0
pwittrock, Mountain View ,30,3,75,1
pwnall," San Francisco, CA ",239,349,518,58
pylaligand,Unknown,26,3,37,6
pyle, Australia ,9,107,16,12
qartis, Mountain View ,25,14,24,4
qiao," Mountain View, CA ",31,182,1.6k,132
QrczakMK, Switzerland ,0,0,5,0
quisquous,Unknown,25,20,48,10
quoctruong,Unknown,5,1,19,0
r2d4, San Francisco ,45,82,86,21
rachellim, Stanford ,0,4,15,0
radkat,Unknown,4,0,0,0
radomirm-g,Unknown,3,0,4,0
RafaelMarinheiro," Dublin, Ireland ",39,5,17,0
rafax, Poland ,50,7,9,0
raggi, California or Bermuda ,141,626,489,131
ragomusic, Mountain View ,3,0,23,1
rahatarmanahmed," San Francisco, CA ",73,110,46,9
rakyll," San Francisco, CA ",166,530,4.8k,4
ramosian-glider,Unknown,15,8,59,9
Random-Liu," Mountain View, CA, USA ",28,47,151,30
rasmi, NYC ,39,619,34,38
ratteler50, United States ,9,2,13,7
rawlk, Silicon Valley ,3,32,18,1
rbielak, New Jersey ,14,22,19,1
RByers," Waterloo, Canada ",46,21,70,0
rcgallagher,Unknown,3,6,7,3
rchen93,Unknown,10,4,7,0
rcleveng, San Francisco Bay Area ,11,29,31,2
re2-dev,Unknown,0,0,5,0
realfake," Germany, Hamburg+Berlin (Curr USA, Seattle) ",16,54,22,6
rebeccahughes," Seattle, WA ",10,2,133,0
reighlan," Mountain View, CA ",6,0,5,1
remoun,Unknown,10,32,29,6
reprogrammer,Unknown,41,31,40,1
revan," Mountain View, CA ",48,90,46,42
reznor,Unknown,5,11,4,7
rhanzawa, San Francisco ,2,5,15,1
Ricalo," Seattle, WA ",7,72,51,15
ricea, Tokyo ,14,1,8,1
richardfung," Seattle, WA ",15,5,10,1
richdutton,Unknown,21,18,4,1
rickybrent,Unknown,18,37,15,2
rickyz,Unknown,3,2,113,1
rictic, 94109 (San Francisco) ,105,60,142,15
rimey,Unknown,4,12,23,0
ringw, New York ,19,34,78,6
rjamet," Zürich, Switzerland ",5,13,13,2
rjonace,Unknown,2,3,14,0
RJPercival," London, UK ",25,13,39,6
rjpower, Seattle ,59,26,81,1
rjshade,Unknown,17,17,35,2
rkarodia, Mountain View ,4,10,7,0
rlanday," Mountain View, CA ",1,1,4,0
rlazarus,Unknown,11,2,15,0
rltoscano," San Francisco, CA, USA ",12,3,27,0
rmaureira," Santiago, Chile ",2,0,12,0
rmbarron,Unknown,2,3,7,0
robbiemc, Mountain View ,4,7,7,5
roberthbailey," Seattle, WA ",19,16,79,21
robertogden,Unknown,0,0,5,0
robinp," Budapest, Hungary ",55,111,36,31
robliao,Unknown,9,1,24,0
RoboErikG,Unknown,7,2,23,0
robruenes," New York, New York ",5,3,19,3
robrussell,Unknown,2,28,12,12
robwormald, Mountain View CA ,197,20,1k,9
rodmcchesney, United States ,1,0,23,0
rogerhub, California ,52,196,86,27
rogerta, Canada ,8,48,22,1
rohan100jain, San Francisco ,6,2,73,0
rohit-rao,Unknown,2,1,14,1
roman-kashitsyn," Zürich, Switzerland ",24,64,19,1
ronw," New York, NY ",14,20,91,12
royalpeasantry,Unknown,1,0,24,0
roycaihw,Unknown,14,1,12,9
rpereirab,Unknown,2,9,25,1
rpoplin," Mountain View, CA ",4,16,33,5
rramkumar1," Sunnyvale, CA ",10,0,7,0
rrdelaney, United States ,78,220,67,20
rrshaban," San Francisco, CA ",14,54,20,24
rryan," Mountain View, CA ",51,61,101,37
rsamuelklatchko,Unknown,6,4,24,0
rsdcastro," Seattle, WA ",17,3,39,2
rsturgell,Unknown,4,3,28,1
runnersaw, United States ,27,5,6,3
rutsky,Unknown,178,358,38,4
rvineyard," Mountain View, CA ",7,955,33,28
rviscomi," New York, NY ",30,59,92,0
rvkubiak,Unknown,17,0,7,0
rvrignaud, France ,27,6,15,0
rweir," Sydney, Australia ",18,19,25,1
rxwei, Bay Area ,49,163,106,14
ryanmcgrail95,Unknown,23,4,4,2
ryanseys, California ,131,867,1.4k,202
ryanwilson," Waterloo, ON ",15,143,21,7
s-deitz,Unknown,1,0,7,0
s-s-zhang,Unknown,0,0,7,0
s4y, New York City ,105,156,70,19
saad-ali, Mountain View ,13,6,116,1
sabujp," Milpitas, CA ",6,5,14,0
saeta,Unknown,29,35,117,15
sagipe,Unknown,2,0,4,0
saicheems,Unknown,22,15,41,1
salehay, Bay Area ,0,0,5,0
sam-mccall, Munich ,23,13,46,0
samccone, ∆∆∆ ,373,524,1.8k,0
samdamana," Seattle, Washington ",21,14,6,3
samitolvanen,Unknown,4,14,28,0
samizuh," Irvine, CA ",3,1,17,0
samliu," Mountain View, CA ",55,332,76,22
sammcd," San Francisco, CA ",11,19,16,2
samribeiro,Unknown,7,16,18,5
samuelhuang,Unknown,2,0,22,0
samuelli, San Francisco ,63,68,118,2
sandraorion," Mountain View, CA ",0,0,6,0
sanfordredlich," Sausalito, Ca ",5,8,29,0
sanggookang," Mountain View, CA ",4,0,4,0
sanjaykrish,Unknown,1,0,22,0
sanjoy," Sunnyvale, CA ",29,36,147,25
SantiMunin, Zürich (Switzerland) ,20,83,63,83
sarahhodne," Dublin, Ireland ",157,265,103,41
sarahjkim," San Jose, CA ",5,49,67,118
saran-t," London, UK ",6,2,43,1
sarum9in, Ireland ,48,186,27,22
sashalionheart," Seattle, WA ",1,0,31,0
satyasm,Unknown,5,0,3,0
saxenasaurabh," Mountain View, CA ",8,2,41,1
sb2nov, Mountain View ,12,124,645,10
sbc100, San Francisco ,40,18,83,14
sbuss, San Francisco ,57,77,48,9
schachmat, Munich ,43,24,131,3
schrierc," Granite Falls, NC ",7,63,12,27
schylek,Unknown,5,3,4,1
scotch-bonnet,Unknown,2,2,4,0
scottpledger,Unknown,26,8,13,1
scrubskip,Unknown,1,2,27,2
sdmttl,Unknown,0,0,8,0
SeanHayes," San Francisco, CA ",54,245,22,18
seanlip,Unknown,6,1,85,0
seans3," Sunnyvale, CA ",10,0,7,3
SeawardT, Kirkland ,0,1,26,0
sebastianbenz, London ,32,36,71,2
sebastianklose," Munich, Germany ",12,3,8,3
sebastien-hertz," Rennes, France ",0,1,4,0
sebright,Unknown,5,0,16,0
seehamrun, Chicago ,2,0,7,3
selfmanagingresource," Mountain View, CA ",1,5,0,0
serathius, Warsaw ,56,31,15,17
serynth," New York, NY ",1,4,15,0
sethshober, San Francisco Bay Area ,44,7,29,27
sethvargo," Pittsburgh, PA ",88,30,869,13
seymen, London ,20,2,10,0
sg3510, San Francisco ,20,14,28,26
sgreenberg, United States ,7,1,17,2
shacron,Unknown,0,0,0,0
shahms, United States ,4,1,31,2
Shalom," San Francisco, CA ",5,9,18,0
shaman-rajan, MTV ,4,1,8,0
shanehuntley," Sunnyvale, California ",4,4,17,0
shankuniyogi," Seattle, WA ",1,2,6,0
shannon-vanwagner," Charleston, SC ",64,0,16,0
shannonwoods,Unknown,4,1,7,0
shawnbuso,Unknown,27,4,55,0
shawnwallace,Unknown,2,1,0,0
shicks," Sunnyvale, CA ",55,12,49,5
shields, San Francisco ,9,2,19,0
shiliangxue,Unknown,1,0,13,0
shishkander, The Earth ,31,94,35,13
shoyer," San Francisco, CA ",67,110,364,18
shtatfeld," Mountain View, CA ",1,3,22,1
shyamjvs, Warsaw ,18,0,40,0
shyndman," San Francisco, CA ",56,99,171,24
siamezzze," Russia, Rostov-on-Don ",15,5,19,15
sicotronic," Tokyo/Yokohama, Japan ",22,161,12,46
siderakis, New York ,31,448,24,55
sigma," San Jose, CA, USA ",142,67,104,0
silviabear," Sunnyvale, CA ",18,0,6,0
silvolu, Mountain View ,17,2,133,0
simonhatch,Unknown,1,0,24,0
simonlynen, Zurich ,29,19,125,34
simonster," Mountain View, CA ",96,122,148,51
simonz130," Seattle, WA ",18,6,6,5
sinkap, Zürich ,7,11,29,15
siriscac," Bangalore, India ",33,35,109,18
sirtorry,Unknown,20,15,11,17
siyusong, San Francisco ,9,21,28,14
sjlangley," Sydney, Australia ",33,15,42,1
skearnes,Unknown,24,49,49,25
skenmy, London ,1,0,9,1
skim1420," New York, NY ",34,5,67,1
sklise," Brooklyn, NY ",80,348,72,23
SLaks, New Jersey ,84,56,264,17
slightlyoff, San Francisco ,40,75,1.3k,13
slippycheeze," NY, NY ",43,45,37,0
slix," San Francisco, CA ",14,57,19,14
smedrano, Argentina ,9,4,25,5
smit-hinsu,Unknown,1,1,5,3
smreed,Unknown,18,138,37,17
sn6uv," California, United States of America ",33,70,34,12
solchea," San Francisco, CA ",2,4,7,0
songy23, Mountain View ,32,10,15,0
sonph," Mountain View, CA ",28,265,60,78
soumya92," Kirkland, WA ",1,6,12,0
sparkprime, United States ,21,28,70,0
speednoisemovement, San Francisco ,42,227,53,7
spew,Unknown,10,1,13,2
spf13, NYC ,92,750,4.9k,77
splewis, California ,16,53,202,0
sqrrrl," Boulder, CO ",45,26,112,0
squee1945, Mountain View ,6,1,27,0
SRabbelier, United States ,16,19,34,0
sreecha," Mountain View, CA ",11,3,31,1
srvasude,Unknown,5,0,5,0
sstrickl," Brooklyn, NY ",9,75,47,47
ssundarraj," Mountain View, CA ",50,373,149,127
stanley-cheung,Unknown,25,5,44,0
Stanwise,Unknown,0,2,13,8
steebubu," Los Angles, CA ",1,16,85,0
steinarvk,Unknown,29,2,28,2
stephenmcd," Sydney, Australia ",85,1,1.1k,0
steveanton, Seattle ,12,12,40,3
StevenEWright," San Francisco Bay Area, CA ",11,25,30,11
stevenshchin,Unknown,10,12,4,1
stevewilber," Menlo Park, CA ",15,70,35,16
stgpetrovic,Unknown,14,8,50,3
stinky2nine, New York ,4,6,36,0
stnoonan,Unknown,12,21,26,9
stoman,Unknown,19,21,8,17
stroz, Seattle ,11,1,8,4
stvnrhodes,Unknown,7,6,18,1
sudiptachatterjee," Silicon Valley, California ",15,2,23,1
suharshs," San Francisco, CA ",15,1,104,9
sumanvyj, San Francisco ,10,29,18,8
sumitgouthaman," Bellevue, WA ",43,97,65,15
supertom," Seattle, WA ",14,6,42,1
supriyagarg,Unknown,7,2,16,0
surma," London, England ",24,0,755,0
suryabhupa," San Francisco, CA ",43,309,76,54
susi, Switzerland ,7,77,33,12
sussillo," Stanford, CA ",3,2,52,2
sveesible,Unknown,4,2,21,0
swcloud, MTV ,13,13,16,0
swetland," Palo Alto, CA ",37,138,457,15
Sydius," Campbell, CA, USA ",7,17,26,1
syedashrafulla," New York, NY ",2,2,6,0
synemitchell," Seattle, WA ",3,1,28,2
szab100," Mountain View, CA ",3,0,23,0
szakarias,Unknown,7,0,13,0
t12g,Unknown,1,1,31,0
t1ngj13, Mountain View ,8,16,20,1
ta0kira," Boston, MA ",10,4,16,1
tacocat,Unknown,4,3,0,0
taiguarana, São Paulo ,4,0,8,8
takamori,Unknown,6,21,14,0
TakayoshiKochi," Roppongi, Tokyo, Japan ",25,10,45,2
taknira,Unknown,6,0,29,4
tallclair, Mountain View ,13,0,36,0
tam7t," New York, NY ",43,239,58,20
tari, Sydney ,45,40,23,3
tariqajyusuf," Seattle, WA ",4,4,47,14
tarunban," Seattle, WA, USA ",5,1,0,0
tau-," San Francisco, CA ",5,1,12,4
taycaldwell," Bay Area, CA ",20,21,35,8
taylor-b,Unknown,18,4,17,0
tayo,Unknown,9,0,16,0
tbpg,Unknown,4,2,9,0
tburgin, New York ,15,26,61,40
tcheema,Unknown,0,0,0,0
tedgueniche, Canada ,13,8,7,2
tejal29,Unknown,16,1,6,0
tejasd, United States ,22,13,11,7
tekgrrl, UK ,12,5,44,3
Temikus," Sydney, Australia ",37,106,57,23
ternus," New York, NY ",59,34,36,20
terryok,Unknown,4,0,28,0
terryykoo,Unknown,1,0,3,0
TetsujiNakagawa,Unknown,0,0,17,0
tettamanti,Unknown,2,4,17,0
tfmar,Unknown,0,0,6,0
tforcram, Cascadia ,2,1,10,0
tgroh," Seattle, WA ",5,3,27,2
thagikura," Tokyo, Japan ",39,19,901,1
thailyn,Unknown,26,61,27,0
ThatDevopsGuy, New York ,7,18,15,13
theacodes," Seattle, Washington ",106,20,276,15
TheChuChuTrain,Unknown,5,0,7,0
TheDuckCow,Unknown,30,62,44,16
theganyo," Los Angeles, CA ",27,43,86,20
TheModMaker,Unknown,7,4,23,0
TheRoyalTnetennba," San Francisco, CA ",17,20,44,19
thiagowfx,Unknown,20,524,61,220
thiemonagel,Unknown,5,13,15,2
thkoch2001,Unknown,62,99,35,24
thobrla,Unknown,7,1,39,0
thockin, United States ,40,4,578,0
thomasmmc," San Jose, CA ",11,18,19,5
thomasvl,Unknown,12,9,47,0
threeohclock,Unknown,2,0,6,0
thvortex," Austin, TX ",7,4,11,0
TianyunXu923,Unknown,15,18,12,21
tiembo,Unknown,33,71,48,7
Tilps,Unknown,7,0,24,0
timford," Chicago, IL ",2,5,0,0
TimNN, Munich ,90,71,31,0
TimonKnigge, The Netherlands ,6,0,31,5
timothy-king, Mountain View ,10,3,26,0
timtadh,Unknown,82,191,192,91
TitoAldarondo,Unknown,0,0,12,0
tjihad,Unknown,0,1,0,0
tjlav5, New York ,26,17,21,7
tjohns," San Mateo, CA ",18,38,239,3
tkarlsson,Unknown,1,17,3,0
tkent-google,Unknown,5,0,4,0
tkulczynski,Unknown,2,1,4,0
tlarsen-google,Unknown,0,1,11,0
tmatsuo," Kirkland WA, USA ",322,14,133,1
Tmbao," Sydney, NSW, Australia ",24,42,29,22
tmcarthur," Seattle, WA ",5,5,16,7
tmitev,Unknown,0,1,9,1
tmramalho,Unknown,18,38,58,2
tnip,Unknown,5,7,23,1
tnorbye," Pleasant Hill, CA, USA ",5,6,86,0
to0, San Francisco Bay Area ,0,10,33,9
toastwaffle, United Kingdom ,36,26,22,6
tohaowu,Unknown,0,5,10,7
tomayac," Hamburg, Germany ",98,1,127,7
tombh2o," San Bruno, CA ",1,2,22,0
tomek-US," Sunnyvale, CA, USA ",0,0,13,0
tomhennigan," London, UK ",23,245,72,44
TomiBelan,Unknown,6,0,11,0
tomkwiat,Unknown,1,0,6,0
tomsdev,Unknown,21,1.1k,49,18
tonybaroneee," Cambridge, MA ",37,184,26,21
tonymeng," San Francisco, CA ",11,4,56,0
TonyRippy,Unknown,4,1,3,0
tonyruscoe," Market Harborough, United Kingdom ",9,6,20,12
tonywang1990,Unknown,21,7,11,2
tordable, Seattle ,6,14,34,11
torquestomp," San Jose, CA ",3,0,11,0
townba, Northern California ,7,0,14,0
ToxicFrog," Kitchener, Ontario ",38,9,63,1
tpryan," Mountain View, CA ",103,66,153,27
tpwaterhouse,Unknown,0,0,17,0
travisg," Seattle, WA ",27,42,506,13
trekforever," San Francisco, CA ",16,17,35,0
TrevorEdwards," Sunnyvale, CA ",29,36,30,14
trippedout, NYC ,37,82,244,8
trshafer," Seattle, WA ",35,146,61,10
tstromberg," SF, CA, US ",17,59,43,5
tswast," Seattle, WA ",84,219,95,31
tushuhei," Tokyo, Japan ",26,27,37,7
Twanislas, Belgium ,16,22,24,4
twasilczyk," Mountain View, USA ",5,1,16,0
tweksteen,Unknown,44,31,59,8
twifkak,Unknown,7,46,3,0
twilde," Boston, MA ",20,39,18,5
tylere," Mountain View, California ",45,60,108,20
ubschmidt2, Munich ,8,6,12,4
uhhhclem,Unknown,16,1,22,0
ujraaja, Texas ,8,1,12,0
ukoxyz," Mountain View, CA ",1,0,9,1
UlisesGascon, Madrid ,178,324,307,372
unrepentantgeek,Unknown,11,10,46,3
uriagassi,Unknown,13,5,15,0
vabr-g,Unknown,6,0,12,0
vahidk, California ,9,61,400,40
valverde," San Jose, CA ",6,7,57,7
vantuvt,Unknown,2,0,1,0
vanupam,Unknown,7,6,1,0
vapier," Somerville, MA, USA ",52,1,155,0
varepsilon,Unknown,15,82,32,5
Vedrana, Switzerland ,7,46,37,12
velazcod," San Jose, CA ",22,156,41,22
verwaest, Munich ,2,5,64,7
vicaire,Unknown,6,3,12,0
Victorystick," Stockholm, Sweden ",47,13,76,13
viglesiasce," Santa Barbara, CA ",156,32,110,6
vihangm, San Francisco ,19,27,19,31
vikerman,Unknown,25,5,83,0
vikrum, The Bay is in the Area ,17,101,118,1
vilasj, New York ,0,0,28,0
vin, USA ,27,28,27,25
vinc3m1," Oakland, CA ",28,311,416,60
vishalpowar,Unknown,0,0,3,0
vk-21,Unknown,0,0,0,0
vkedia,Unknown,16,1,19,0
vkryachko,Unknown,10,39,12,0
vladmos," Munich, Germany ",46,11,32,13
vonture," Montreal, QC, Canada ",13,8,42,5
vrana," Praha, Czechia ",72,49,564,2
vrandezo," San Francisco, CA ",10,6,51,0
vsekhar, San Francisco ,17,70,18,7
vslashg,Unknown,5,0,8,0
vterron," London, United Kingdom ",28,63,221,4
vtsao, New York ,3,0,79,3
vzanotti," Mountain View, CA ",3,3,31,3
wak-google," Sunnyvale, CA ",13,1,11,0
wangzhen127,Unknown,14,1,8,2
wasylkowski-a," Warsaw, Poland ",5,0,6,0
watk,Unknown,1,12,8,0
wcevans,Unknown,2,0,13,0
wcn3," Seattle, WA ",22,9,4,5
weingart,Unknown,8,44,30,6
WeiranFang, Bay Area ,18,23,22,19
wenjiaswe,Unknown,4,0,6,1
werwurm, Sunnyvale ,9,1,19,0
wilddamon, Australia ,8,4,31,26
WillMorrison," Waterloo, ON ",13,6,24,0
willnorris," Half Moon Bay, CA ",51,457,463,77
wisygig," Philadelphia, PA ",11,17,6,1
wklier," New York, NY ",1,2,5,0
wkoffel, Boston ,20,3,22,9
wkumari,Unknown,42,8,24,1
wlynch," New York, NY ",36,15,71,37
wmedrano," Santa Clara, CA ",22,19,30,40
wolenetz,Unknown,4,0,8,1
wolfaudet,Unknown,3,3,8,0
Wordenskjold, Copenhagen ,19,26,9,6
wrigri," Seattle, WA ",7,0,46,0
wrwang," San Jose, CA ",6,2,17,3
wsh," San Francisco, CA ",40,108,44,23
wwlian," Redwood City, CA ",7,4,12,0
Wyverald," Sydney, Australia ",14,8,75,1
x13n,Unknown,11,6,19,4
xaethos, Singapore ,35,20,25,10
xalep, Stockholm ,15,44,22,7
xfxyjwf," Mountain View, CA ",12,5,79,0
xgwubin,Unknown,1,1,25,0
xhso,Unknown,3,1,5,0
xian," San Francisco, CA ",33,40,127,8
xingao267, Canada ,9,7,25,9
xinzha623,Unknown,4,1,11,0
xllora," Mountain View, CA ",4,9,50,11
Xorlev," Westminster, CO ",79,410,51,7
xueweiz," Sunnyvale, California ",20,23,25,26
Xyene, Canada ,41,24,45,0
xylo04," Westminster, CO, USA ",16,53,40,15
xyzzyz, Warsaw ,36,11,49,13
y-zeng, Mountain View ,3,0,29,0
y10h,Unknown,14,111,78,44
yaraki, Tokyo ,17,21,801,10
yarneo, New York ,35,42,17,0
yarrouye,Unknown,5,0,22,0
yasith," Toronto, Canada ",33,110,48,25
yberman," New York, NY, USA ",8,28,15,15
yguo0905," Mountain View, CA ",16,0,26,0
yifeif, San Francisco ,6,6,297,6
yilei, Bay Area ,15,24,96,41
yinanzhou," Syracuse, NY, USA ",6,27,27,6
yjbanov, United States ,65,16,112,2
ymand,Unknown,0,0,19,0
yolo3301,Unknown,21,81,5,8
YoungCatChen,Unknown,9,15,25,0
yovadia,Unknown,2,3,36,0
ypomortsev, SF Bay Area ,31,449,46,7
yuefengz," Mountain View, CA ",5,22,118,19
yukawa," Mountain View, CA ",3,36,56,0
yuryu," Tokyo, Japan ",48,6,25,1
yutakahirano,Unknown,14,2,32,0
yzhwang," Mountain View, CA ",32,136,126,32
zachburg,Unknown,1,0,9,0
zachriggle," Milliways, Frogstar World B ",105,240,273,151
zbowling," San Francisco, CA ",35,67,160,92
zbudd,Unknown,0,0,3,0
ZeikJT,Unknown,5,83,18,1
zeptonaut," Detroit, MI ",17,9,47,0
zhaber, Canada ,7,12,30,0
zhangsu, /Waterloo|Toronto|SF Bay Area/ ,29,147,82,29
zhongming1993," Sunnyvale, CA ",9,3,13,4
ZhouyihaiDing, California MTV/SVL ,12,6,26,4
ziegs," Brooklyn, NY ",12,6,61,11
ziz," San Jose, CA ",40,176,58,6
zmbush," Okaland, CA ",101,33,37,18
zmullett,Unknown,10,0,28,0
znewman01,Unknown,26,12,81,14
zombiezen,Unknown,49,43,180,5
zoyahav, New York ,3,6,35,0
zvikabh,Unknown,9,1,31,0
